78157941,Morrisons Cream Soda,0.54
47342989,Morrisons Bitter Shandy (2L),0.54
76152658,Morrisons Orangeade (2L),0.54
23503137,Morrisons Iron Brew (2L),0.54
34269299,Morrisons Orange Crush (2L),0.54
83843419,Morrisons Diet Lemonade (2L),0.54
57871486,Morrisons Cola (2L),0.54
38621857,Morrisons Diet Cola (2L),0.54
91548375,Morrisons Zero Cola (2L),0.54
01261868,Morrisons Diet Dandelion & Burdock (2L),0.54
20446307,Morrisons Tropical Crush (2L),0.54
39853714,Morrisons Exotic Crush (2L),0.54
15708120,Morrisons Cherryade (2L),0.54
38747298,Morrisons Appleade (2L),0.54
68601775,Morrisons Ginger Beer (2L),0.54
43996278,Morrisons Limeade (2L),0.54
